﻿id,token,name,notes,created_at,updated_at,status,due_date,status_updated_at,assignee,section,tags,custom_fields,checklists,comments
55941727,4TUL3EFL,validação na view,,2019-09-13T23:28:02+00:00,2019-09-13T23:30:20+00:00,1,2019-09-22T13:00:00+00:00,2019-09-13T23:28:02+00:00,,Abrir,"","","",""
55941725,hMa1HZuV,validação tela de usuário,,2019-09-13T23:27:49+00:00,2019-09-13T23:27:54+00:00,1,"",2019-09-13T23:27:49+00:00,"",Abrir,"","","",""
55941907,2WhYFcvv,view de serviços,,2019-09-13T23:40:07+00:00,2019-09-13T23:40:45+00:00,1,2019-09-29T18:00:00+00:00,2019-09-13T23:40:07+00:00,,Próximo,"","","",""
55941888,1JAECwi2,view entrada de produtos,,2019-09-13T23:38:31+00:00,2019-09-13T23:40:47+00:00,1,2019-09-14T03:00:00+00:00,2019-09-13T23:38:31+00:00,,Próximo,"","","",""
55993356,mKT3wstG,View para Venda de Produtos,,2019-09-15T22:16:06+00:00,2019-09-15T22:17:19+00:00,1,"",2019-09-15T22:16:06+00:00,Carlos Viana,Próximo,"","",Checklist: [ ] Criar view de lista de vendas [ ] Criar view de cadastro de vendas [ ] Criar view de edição de vendas [ ] Criar view de exclusão de vendas,""
55941731,8GafiVGk,validação de cpf/cnpj,,2019-09-13T23:28:15+00:00,2019-09-13T23:40:42+00:00,1,2019-09-15T20:00:00+00:00,2019-09-13T23:28:15+00:00,,Em Andamento,"","","",""
53853478,qJwelb8d,CRUD de Produto,Criação de views e backend de Produtos,2019-08-14T23:20:28+00:00,2019-09-13T23:24:02+00:00,1,2019-09-22T02:00:00+00:00,2019-08-14T23:20:28+00:00,Carlos Viana,Em Andamento,"","","",Equipe Boi (2019-08-14 23:20:28 +0000): Task imported from https://www.mindmeister.com/1304758447; Equipe Boi (2019-08-14 23:28:45 +0000): Deve conter os campos: ID: int Produto: Varchar Tipo de Produto: do objeto Tipo de Produto Descrição: Varchar Valor: Decimal Validade: Varchar
55941628,gxBJgabC,Criação da view de criação de produto,,2019-09-13T23:23:48+00:00,2019-09-13T23:24:15+00:00,1,"",2019-09-13T23:23:48+00:00,Carlos Viana,Em Andamento,"","","",""
55941631,hv0dE1v4,Criação da view de alteração de produto,,2019-09-13T23:23:53+00:00,2019-09-13T23:24:20+00:00,1,"",2019-09-13T23:23:53+00:00,Carlos Viana,Em Andamento,"","","",""
55941633,kO24CjdF,Criação da view de exclusão de produto,,2019-09-13T23:23:58+00:00,2019-09-13T23:24:26+00:00,1,"",2019-09-13T23:23:58+00:00,Carlos Viana,Em Andamento,"","","",""
55941637,aBgWWw7e,Criação da view para listar produtos,,2019-09-13T23:24:02+00:00,2019-09-13T23:24:40+00:00,1,"",2019-09-13T23:24:02+00:00,Carlos Viana,Em Andamento,"","","",""
55582886,A2yLSeev,Criação de view para exclusão de fornecedor,,2019-09-09T23:06:51+00:00,2019-09-13T23:22:30+00:00,2,"",2019-09-13T23:20:05+00:00,Carlos Viana,Concluído,"","","",""
55582818,iUn5iwIA,Criação de view para listar fornecedores,,2019-09-09T23:05:47+00:00,2019-09-13T23:19:57+00:00,2,"",2019-09-13T23:19:57+00:00,Carlos Viana,Concluído,"","","",""
55582815,gm2wAmr0,Criação de view para alteração de fornecedor,,2019-09-09T23:05:37+00:00,2019-09-13T23:19:50+00:00,2,"",2019-09-13T23:19:50+00:00,Carlos Viana,Concluído,"","","",""
55582812,f4ABPsLf,Criação de view para cadastro de fornecedor,,2019-09-09T23:05:33+00:00,2019-09-13T23:19:43+00:00,2,"",2019-09-13T23:19:43+00:00,Carlos Viana,Concluído,"","","",""
54847453,8T9XvoZ2,Criar view para listar Clientes,,2019-08-30T00:32:13+00:00,2019-09-13T23:19:28+00:00,2,"",2019-09-13T23:19:28+00:00,Bruno Anjos,Concluído,"","","",""
53853678,oJnbucWC,CRUD Usuário,Criação de todas as views e backend de Usuário,2019-08-14T23:29:18+00:00,2019-09-13T23:18:04+00:00,2,"",2019-09-13T23:18:04+00:00,Equipe Boi,Concluído,"","",Checklist: [ ] Criação da view de criação de usuário [ ] Criação da view de alteração de usuário [ ] Criação da view de exclusão de usuario [ ] Criação da view para listar usuarios,Equipe Boi (2019-08-14 23:29:18 +0000): Task imported from https://www.mindmeister.com/1307779679; Equipe Boi (2019-08-14 23:32:42 +0000): Deve conter os campos: ID: int Nome: Varchar Login: varchar Senha: varchar Email: varchar Perfil: int
53853147,aNH7wihs,CRUD de Fornecedor,Criação de todas as views e backend de Fornecedores.,2019-08-14T23:10:27+00:00,2019-09-13T23:18:11+00:00,2,2019-09-17T02:00:00+00:00,2019-09-13T23:18:11+00:00,Carlos Viana,Concluído,"","","",Equipe Boi (2019-08-14 23:10:27 +0000): Task imported from https://www.mindmeister.com/1302180694; Equipe Boi (2019-08-14 23:15:44 +0000): Fornecedores deveram conter os campos: ID: int Nome: Varchar Email: Varchar Telefone: Varchar Endereço: Varchar Inscrição Estadual: Varchar CPF/CNPJ: Varchar
53853228,sUPCkp89,CRUD de Veterinário,Criação de todas as Views e backend de Veterinário.,2019-08-14T23:13:50+00:00,2019-09-13T23:18:17+00:00,2,"",2019-09-13T23:18:17+00:00,Bruno Anjos,Concluído,"","",Checklist: [ ] Criação de view para Cadastro Veterinário [ ] Criação de view para Alteração Veterinário [ ] Criação de view para Exclusão Veterinário [ ] Criação de view para Listar Veterinário,"Equipe Boi (2019-08-14 23:13:50 +0000): Task imported from https://www.mindmeister.com/1302180720; Equipe Boi (2019-08-14 23:18:23 +0000): Criar todas as view do CRUD de Veterinário, contendo os campos; ID: int Nome : String Telefone : int Descrição de Serviço : String Honorarios : float Data de Serviço : Date CRMV : String"
53852045,8KMgfJ4Y,CRUD de Cliente,Criação de todas as Views e backend de Clientes.,2019-08-14T22:30:46+00:00,2019-09-13T23:18:21+00:00,2,2019-09-15T02:00:00+00:00,2019-09-13T23:18:21+00:00,Bruno Anjos,Concluído,"","","","Equipe Boi (2019-08-14 22:30:46 +0000): Task imported from https://www.mindmeister.com/1302180749; Equipe Boi (2019-08-14 22:48:09 +0000): Criar todas as views do CRUD de Clientes, contendo os campos: ID: int Nome: Varchar Email: Varchar Telefone: Varchar Endereço: Varchar Inscrição Estadual: Varchar CPF/CNPJ: Varchar; Equipe Boi (2019-08-14 23:10:03 +0000): Criar todas as views do CRUD de Clientes, contendo os campos: ID: int Nome: Varchar Email: Varchar Telefone: Varchar Endereço: Varchar Inscrição Estadual: Varchar CPF/CNPJ: Varchar"
53852316,fpb2YBwv,CRUD de Raça,Criação de todas as Views e backend de Raça.,2019-08-14T22:40:51+00:00,2019-08-25T22:45:59+00:00,2,2019-08-26T02:00:00+00:00,2019-08-25T22:45:59+00:00,Carlos Viana,Concluído,"","","","Equipe Boi (2019-08-14 22:40:51 +0000): Task imported from https://www.mindmeister.com/1304734744; Equipe Boi (2019-08-14 22:48:13 +0000): Criar todas as view do CRUD de raça, contendo os campos; ID: int Nome : String Descrição : String"
54303786,gnfxiLZD,Criar view de Cadastro de Raça,,2019-08-21T23:16:02+00:00,2019-08-25T22:47:27+00:00,2,"",2019-08-25T22:46:09+00:00,Carlos Viana,Concluído,"","","",""
54303791,24CrLagS,Criar view de Alteração de Raça,,2019-08-21T23:16:13+00:00,2019-08-25T22:46:13+00:00,2,"",2019-08-25T22:46:13+00:00,Carlos Viana,Concluído,"","","",""
54303793,d7nJoVKN,Criar view de Exclusão de Raça,,2019-08-21T23:16:21+00:00,2019-08-25T22:46:18+00:00,2,"",2019-08-25T22:46:18+00:00,Carlos Viana,Concluído,"","","",""
54303798,zoZiIvYi,Criar view para listar Raça,,2019-08-21T23:16:33+00:00,2019-08-25T22:46:24+00:00,2,"",2019-08-25T22:46:24+00:00,Carlos Viana,Concluído,"","","",""
54847448,cl2eCNk5,Criar view de cadastro de Cliente,,2019-08-30T00:32:01+00:00,2019-09-13T23:19:19+00:00,2,"",2019-09-13T23:19:19+00:00,Bruno Anjos,Concluído,"","","",""
54847451,r3QiFysa,Criar view de exclusão de Cliente,,2019-08-30T00:32:09+00:00,2019-09-13T23:19:02+00:00,2,"",2019-09-13T23:19:02+00:00,Bruno Anjos,Concluído,"","","",""
54847450,70ZSewXv,Criar view de alteração de Cliente,,2019-08-30T00:32:05+00:00,2019-09-13T23:18:51+00:00,2,"",2019-09-13T23:18:51+00:00,Bruno Anjos,Concluído,"","","",""
53852659,cI3KpWdz,CRUD de Bovino,Criação de todas as Views e backend de Bovino.,2019-08-14T22:51:10+00:00,2019-09-13T23:21:57+00:00,2,2019-09-04T02:00:00+00:00,2019-09-13T23:21:52+00:00,Carlos Viana,Concluído,"","","","Equipe Boi (2019-08-14 22:51:11 +0000): Task imported from https://www.mindmeister.com/1302180736; Equipe Boi (2019-08-14 23:18:46 +0000): Criar todas as view do CRUD de Bovino, contendo os campos; Brinco: int Raça : esse atributo vai receber o objeto raça Peso : String Lote : String Data de Nascimento: date Descrição: String Valor Unitário : float"
54494777,j2GOCIyA,Criar view de Cadastro de Bovino,,2019-08-25T22:46:39+00:00,2019-09-03T22:26:42+00:00,2,"",2019-08-28T22:20:33+00:00,Carlos Viana,Concluído,"","","",""
54494781,x43bPU3n,Criar view de Alteração de Bovino,,2019-08-25T22:46:42+00:00,2019-09-03T22:25:56+00:00,2,"",2019-09-03T22:25:16+00:00,Carlos Viana,Concluído,"","","",""
54494783,xxHkpr6V,Criar view de Exclusão de Bovino,,2019-08-25T22:46:45+00:00,2019-09-03T22:26:02+00:00,2,"",2019-09-03T22:25:24+00:00,Carlos Viana,Concluído,"","","",""
54494786,qKR7CeW3,Criar view para Listar Bovino,,2019-08-25T22:46:51+00:00,2019-09-03T22:26:10+00:00,2,"",2019-09-03T22:25:38+00:00,Carlos Viana,Concluído,"","","",""
53853475,ujtd2uTy,CRUD de Tipo de Produto,Criar views e backend de Tipo de Produto,2019-08-14T23:20:22+00:00,2019-09-09T23:04:22+00:00,2,2019-09-10T02:00:00+00:00,2019-09-09T23:04:22+00:00,Carlos Viana,Concluído,"","","",Equipe Boi (2019-08-14 23:20:23 +0000): Task imported from https://www.mindmeister.com/1304764229; Equipe Boi (2019-08-14 23:25:17 +0000): Deve conter os campos: ID: Int Tipo: Varchar Descrição: Varchar
55168488,cyBfRq50,Criar view de cadastro de tipo de produto,,2019-09-03T22:27:33+00:00,2019-09-09T23:04:30+00:00,2,"",2019-09-09T23:04:30+00:00,Carlos Viana,Concluído,"","","",""
55168493,9KAe0hKL,Criar view para exclusão de tipo de produto,,2019-09-03T22:27:41+00:00,2019-09-09T23:04:40+00:00,2,"",2019-09-09T23:04:40+00:00,Carlos Viana,Concluído,"","","",""
55168490,w0PMb6aY,Criar view de alteração de tipo de produto,,2019-09-03T22:27:38+00:00,2019-09-09T23:04:45+00:00,2,"",2019-09-09T23:04:45+00:00,Carlos Viana,Concluído,"","","",""
55168494,hr7mCLxF,Criar view para listar tipo de produtos,,2019-09-03T22:27:44+00:00,2019-09-09T23:04:51+00:00,2,"",2019-09-09T23:04:51+00:00,Carlos Viana,Concluído,"","","",""
